date,total_pnl,trade_count,avg_pnl,total_volume,avg_trade_size,total_fees,unique_accounts,unique_coins,pnl_buy,pnl_sell,volume_buy,volume_sell,buy_sell_ratio
2023-05-01,0.0,3,0.0,477.0,159.0,0.0,1,1,477.0,0.0,0.0,0.0,0.0
2023-12-05,0.0,9,0.0,50005.83,5556.2,12.5,1,2,25007.21,24998.62,0.0,0.0,0.0
2023-12-14,-205.43,11,-18.68,113203.35,10291.21,28.3,1,4,51407.47,61795.880000000005,-527.2331300000001,321.79839300000003,-1.6383906914330322
2023-12-15,-24.63,2,-12.32,10609.95,5304.98,2.65,1,1,10609.95,0.0,-24.632033999999997,0.0,-24632.033999999996
2023-12-16,0.0,3,0.0,15348.77,5116.26,3.84,1,1,15348.77,0.0,0.0,0.0,0.0
2023-12-17,304.98,14,21.78,116278.02,8305.57,29.07,1,3,50312.21,65965.81,0.0,304.982785,0.0
2023-12-18,0.0,2,0.0,31164.18,15582.09,7.79,1,1,31164.179999999997,0.0,0.0,0.0,0.0
2023-12-19,1000.54,15,66.7,91602.41,6106.83,22.9,1,2,29718.92,61883.49,0.0,1000.5386120000001,0.0
2023-12-20,162.73,18,9.04,141636.79,7868.71,35.41,1,2,70737.04,70899.75,0.0,162.732282,0.0
2023-12-21,537.21,49,10.96,125233.97,2555.8,31.31,1,1,62348.4,62885.57,0.0,537.211402,0.0
2023-12-22,141.83,10,14.18,88874.28,8887.43,22.22,1,2,59195.32,29678.96,0.0,141.832675,0.0
2023-12-23,146.94,13,11.3,78438.25,6033.71,19.61,1,2,24316.620000000003,54121.63,0.0,146.936704,0.0
2023-12-24,1008.62,39,25.86,402954.94,10332.18,100.74,1,4,200973.24,201981.7,3.878552,1004.741404,0.00386024515792209
2023-12-25,-245.08,3,-81.69,59948.51,19982.84,14.99,1,1,30096.86,29851.65,0.0,-245.081348,-0.0
2023-12-27,-704.89,28,-25.17,171411.06,6121.82,42.85,1,2,86058.02,85353.04000000001,0.0,-704.8892269999999,-0.0
2023-12-28,-970.73,23,-42.21,100117.25,4352.92,25.03,1,2,50544.01,49573.24,0.0,-970.730876,-0.0
2023-12-29,508.92,50,10.18,569559.72,11391.19,142.39,1,4,309568.74,259990.97999999998,-103.470275,612.392418,-0.16896046227590253
2023-12-30,355.0,52,6.83,702550.21,13510.58,175.64,1,3,326054.41,376495.8,-310.537888,665.5365360000001,-0.4665971056514534
2024-01-01,-129.53,18,-7.2,264239.53,14679.97,66.06,1,3,132184.58,132054.95,281.677062,-411.208522,-0.6849997797462468
2024-01-02,783.98,17,46.12,121348.74,7138.16,30.34,1,2,60282.32000000001,61066.42,783.979116,0.0,783979.1159999999
2024-01-03,866.02,67,12.93,394499.36,5888.05,98.62,1,6,196816.9,197682.46,0.0,866.015507,0.0
2024-01-04,-67.6,5,-13.52,99792.54,19958.51,24.95,1,1,49930.07,49862.47,0.0,-67.60364,-0.0
2024-01-05,164.14,66,2.49,1703942.66,25817.31,425.99,1,2,851889.51,852053.15,-89.45876,253.60032500000003,-0.35275351972234364
2024-01-06,135.58,22,6.16,298521.4,13569.15,74.63,1,3,149192.99,149328.41,-129.30096,264.882624,-0.4881425210340674
2024-01-07,-835.68,97,-8.62,1048850.06,10812.89,262.21,1,8,552950.84,495899.22,117.38037999999999,-953.061615,-0.12316150531516822
2024-01-08,-269.87,128,-2.11,1522452.43,11894.16,380.61,1,6,734253.79,788198.64,-545.8116319999999,275.9371929999999,-1.9780213317552606
2024-01-09,-826.35,70,-11.8,870051.97,12429.31,204.01,1,6,434438.58999999997,435613.38,547.545704,-1373.8955669999998,-0.39853546054527783
2024-01-10,-1517.09,193,-7.86,2057479.48,10660.52,434.04,1,5,1029498.32,1027981.16,-2091.655489,574.564147,-3.6404148422876754
2024-01-11,-164.09,21,-7.81,305314.1,14538.77,75.87,2,3,175805.96000000002,129508.13999999998,300.274083,-464.363584,-0.6466371179466087
2024-01-12,-1925.52,7,-275.07,200082.27,28583.18,49.48,1,2,102003.64,98078.63,0.0,-1925.519024,-0.0
2024-01-15,152.85,14,10.92,50636.1,3616.86,12.65,2,2,50006.24,629.86,0.0,152.85358,0.0
2024-01-16,-2299.17,9,-255.46,116427.33,12936.37,17.32,2,3,20587.08,95840.25,0.0,-2299.171458,-0.0
2024-01-17,813.27,53,15.34,800831.03,15110.02,159.71,1,2,400008.83999999997,400822.19,-32.75793199999999,846.032043,-0.038719447509806056
2024-01-18,68.93,46,1.5,424631.53,9231.12,92.66,1,2,224782.03999999998,199849.49,238.8017,-169.86851000000001,-1.4058115056846363
2024-01-19,-385.42,48,-8.03,428428.97,8925.6,93.05,2,3,202906.83,225522.14,-140.25558,-245.163655,0.5720919444276699
2024-01-20,-146.57,106,-1.38,1070090.51,10095.19,267.52,1,16,559236.61,510853.9,-448.477526,301.902656,-1.4854988241679328
2024-01-21,266.58,11,24.23,103129.74,9375.43,25.78,1,4,50298.229999999996,52831.51,-45.601200000000006,312.18234600000005,-0.14607185355749247
2024-01-22,1375.64,85,16.18,337878.99,3975.05,67.48,2,10,182839.01,155039.97999999998,498.76488099999995,876.876078,0.5687968057479545
2024-01-23,-369.24,45,-8.21,414518.93,9211.53,85.72,1,8,241287.67,173231.26,2804.7302820000004,-3173.975012,-0.8836651690896078
2024-01-24,-2808.35,68,-41.3,965084.59,14192.42,227.77,1,4,448494.47,516590.12,220.74672700000002,-3029.100542,-0.07287536244327227
2024-01-25,-3093.63,6,-515.6,66566.13,11094.36,16.64,1,1,0.0,66566.13,0.0,-3093.6293849999997,-0.0
2024-01-26,90.2,5,18.04,11773.21,2354.64,0.44,2,2,7100.21,4673.0,0.0,90.2,0.0
2024-01-28,-2478.07,11,-225.28,18109.03,1646.28,-0.36,1,1,0.0,18109.03,0.0,-2478.06972,-0.0
2024-01-29,486.56,74,6.58,414208.18,5597.41,103.26,2,11,206971.57,207236.61,54.032264,432.530278,0.12492105599817455
2024-01-30,-173.65,49,-3.54,401011.38,8183.91,100.25,1,2,200592.61000000002,200418.77000000002,-576.288932,402.63474099999996,-1.431291048749694
2024-01-31,-799.84,859,-0.93,6305647.13,7340.68,1549.41,1,8,3176802.63,3128844.5,474.493929,-1274.334746,-0.37234667173288527
2024-02-01,0.0,6,0.0,2008.18,334.7,0.5,1,3,2008.18,0.0,0.0,0.0,0.0
2024-02-02,456.42,42,10.87,474278.43,11292.34,91.57,1,3,235899.96,238378.47,48.349943999999994,408.073529,0.11848312149862211
2024-02-03,223.31,56,3.99,603820.0,10782.5,109.66,1,3,300826.92,302993.08,-330.656573,553.96576,-0.5968888331855867
2024-02-04,47.62,35,1.36,203187.53,5805.36,50.53,1,4,103415.98,99771.55,276.701279,-229.077384,-1.2078996279249807
2024-02-05,-33.45,72,-0.46,770198.26,10697.2,165.55,1,4,385115.98,385082.27999999997,-110.55305100000001,77.098857,-1.4338943715550603
2024-02-06,-215.62,1088,-0.2,8047153.41,7396.28,988.61,1,5,4028968.68,4018184.73,-119.299053,-96.31685399999999,1.2386232177311123
2024-02-07,241.24,15,16.08,6758.73,450.58,0.34,1,2,2258.7599999999998,4499.97,241.24212,0.0,241242.12
2024-02-08,770.76,10,77.08,26051.12,2605.11,3.0,1,5,2867.9500000000003,23183.170000000002,131.82795,638.9280739999999,0.20632642239097732
2024-02-11,983.44,34,28.92,212311.82,6244.47,24.96,1,5,110772.36,101539.45999999999,561.009936,422.43324,1.328040870929402
2024-02-12,913.88,16,57.12,227247.7,14202.98,27.11,1,3,113026.08,114221.62,-3148.989369,4062.8711559999997,-0.7750648428229795
2024-02-13,559.44,14,39.96,1999.99,142.86,-0.04,1,1,0.0,1999.99,0.0,559.44389,0.0
2024-02-14,3830.6,111,34.51,320839.88,2890.45,22.92,2,9,157749.98,163089.9,830.736905,2999.862928,0.27692486223995155
2024-02-15,1840.8,63,29.22,185188.04,2939.49,30.71,2,7,90173.23000000001,95014.81,-1442.790579,3283.588256,-0.43939435371328306
2024-02-16,5491.77,182,30.17,564896.51,3103.83,27.23,2,7,280077.6,284818.91,3783.387834,1708.381,2.214602959993725
2024-02-17,1929.64,94,20.53,406118.07,4320.4,62.06,2,9,203717.66999999998,202400.4,855.03378,1074.60802,0.795669647366258
2024-02-18,477.62,97,4.92,157048.17,1619.05,-3.14,1,5,78285.28,78762.89,470.82483,6.799999999999912,69.22876488751744
2024-02-19,4317.77,101,42.75,286377.2,2835.42,14.85,2,6,141029.74,145347.46,625.17147,3692.597093,0.16930395733701095
2024-02-20,3263.63,39,83.68,119419.72,3062.04,3.07,2,6,57328.05,62091.67,533.39942,2730.229404,0.19536791445092994
2024-02-21,1858.8,22,84.49,108047.52,4911.25,2.97,2,4,58097.17,49950.35,0.0,1858.7985700000002,0.0
2024-02-22,3894.11,88,44.25,373033.87,4239.02,25.45,2,5,187070.26,185963.61000000002,1577.58226,2316.52281,0.6810127541922394
2024-02-23,1418.55,143,9.92,111106.14,776.97,-2.07,1,3,54843.8,56262.340000000004,1149.87315,268.67978,4.279700058932388
2024-02-25,-30.77,5,-6.15,4480.13,896.03,-0.09,1,1,2255.4500000000003,2224.6800000000003,-30.7705,0.0,-30770.499999999996
2024-02-26,4416.85,39,113.25,192187.14,4927.88,-0.1,2,3,93635.16,98551.98,3922.01785,494.82945,7.925983233246863
2024-02-27,888.51,63,14.1,209362.3,3323.21,-3.76,2,7,103236.92,106125.38,-102.652347,991.16408,-0.10356735630758905
2024-02-28,2503.75,45,55.64,171107.13,3802.38,-1.38,1,3,84301.61,86805.51999999999,1308.373015,1195.37422,1.0945291429079482
2024-02-29,9814.0,116,84.6,395666.73,3410.92,1.36,2,8,181173.2,214493.53,4175.482431,5638.514561,0.7405286703260373
2024-03-01,8244.24,137,60.18,472974.7,3452.37,-0.55,1,7,232365.24,240609.46,1475.52,6768.721409,0.21799091628252945
2024-03-02,230.9,31,7.45,63197.56,2038.63,-0.47,2,4,32233.28,30964.28,200.79385700000006,30.106743,6.669176663292231
2024-03-03,8361.09,79,105.84,390745.68,4946.15,-2.51,1,8,191192.29,199553.39,3324.654408,5036.431837,0.6601208664147227
2024-03-04,27799.78,300,92.67,1577996.87,5259.99,-0.56,2,15,777323.2,800673.67,14464.946176,13334.829566,1.084749154059855
2024-03-05,19791.03,180,109.95,841810.32,4676.72,-4.44,1,5,407410.33999999997,434399.98,6661.347956,13129.678085,0.5073504015501991
2024-03-06,6814.83,82,83.11,327218.02,3990.46,-3.36,1,6,160201.6,167016.42,2777.227925,4037.597214,0.6878415775423662
2024-03-08,4271.89,67,63.76,183583.18,2740.05,-3.67,1,5,89875.48,93707.7,514.394296,3757.49194,0.1368982734535757
2024-03-09,9949.5,117,85.04,658178.75,5625.46,1.85,1,6,324113.79,334064.96,8444.168827,1505.332797,5.609499264434571
2024-03-10,2482.93,42,59.12,219973.85,5237.47,2.28,1,3,108745.45,111228.4,2482.9272,0.0,2482927.2
2024-03-11,3588.18,42,85.43,176519.45,4202.84,8.47,1,2,86465.61,90053.84,2020.453305,1567.72619,1.2887786330987854
2024-03-12,3039.17,8,379.9,103040.85,12880.11,4.95,1,1,50000.84,53040.009999999995,0.0,3039.166,0.0
2024-03-13,0.0,7,0.0,6000.8,857.26,2.1,1,1,6000.799999999999,0.0,0.0,0.0,0.0
2024-03-14,3465.87,18,192.55,205933.18,11440.73,11.72,2,3,98233.32,107699.86,0.0,3465.865832,0.0
2024-03-15,6236.51,62,100.59,351894.41,5675.72,49.49,3,6,170450.31,181444.1,2023.021836,4213.491815,0.4801294139622259
2024-03-16,228.58,8,28.57,37223.66,4652.96,10.53,2,2,21000.38,16223.279999999999,0.0,228.57984,0.0
2024-03-17,503.29,23,21.88,99506.95,4326.39,33.76,3,4,42752.979999999996,56753.97,73.61088,429.683075,0.1713139589825385
2024-03-18,1456.96,19,76.68,90458.08,4760.95,24.94,3,3,59000.43,31457.649999999998,0.0,1456.9577,0.0
2024-03-19,668.8,24,27.87,219884.84,9161.87,25.99,3,4,119141.29,100743.55,842.799493,-174.00152,-4.843660771818383
2024-03-20,6423.13,69,93.09,215705.85,3126.17,39.88,2,6,98391.58,117314.27,1358.77416,5064.360439,0.26830118196861974
2024-03-21,2335.51,28,83.41,117895.57,4210.56,16.39,3,3,62652.13,55243.44,2097.182,238.326075,8.799596101282239
2024-03-24,1297.02,19,68.26,92592.21,4873.27,8.89,1,1,45647.57,46944.64,1297.018477,0.0,1297018.477
2024-03-25,1302.92,7,186.13,57116.32,8159.47,19.99,1,1,0.0,57116.32,0.0,1302.916428,0.0
2024-03-26,3215.91,118,27.25,198565.19,1682.76,28.15,2,3,106677.33,91887.86,20.599193,3195.3074,0.006446699479774784
2024-03-27,150.41,38,3.96,99864.79,2628.02,31.72,2,3,57362.41,42502.38,31.575719999999997,118.83542,0.265707432115508
2024-03-28,227.85,13,17.53,35323.72,2717.21,9.06,2,2,27554.87,7768.85,227.85100799999998,0.0,227851.00799999997
2024-03-29,883.1,15,58.87,86914.37,5794.29,30.42,1,1,33001.47,53912.9,0.0,883.097404,0.0
2024-03-30,1100.58,45,24.46,101103.92,2246.75,9.94,1,1,50001.66,51102.26,0.0,1100.57514,0.0
2024-03-31,912.79,13,70.21,39912.96,3070.23,13.97,1,1,0.0,39912.96,0.0,912.786145,0.0
2024-04-01,2507.96,77,32.57,339470.47,4408.71,83.75,2,4,226977.47,112493.0,-39.049551,2547.012957,-0.015331502559175023
2024-04-02,883.76,41,21.56,239664.51,5845.48,80.13,2,3,41398.31,198266.19999999998,601.03515,282.725662,2.125852389542236
2024-04-03,126.79,4,31.7,16887.57,4221.89,1.66,2,2,13380.22,3507.35,0.0,126.7884,0.0
2024-04-04,0.0,32,0.0,95987.73,2999.62,33.6,1,1,0.0,95987.73,0.0,0.0,0.0
2024-04-05,10706.48,100,107.06,503791.8,5037.92,103.43,3,6,322530.95999999996,181260.84,4444.4983010000005,6261.986005,0.7097584676319526
2024-04-06,236.34,16,14.77,68223.67,4263.98,23.88,1,1,0.0,68223.67,0.0,236.33513399999998,0.0
2024-04-07,0.0,23,0.0,49988.14,2173.4,17.5,1,1,0.0,49988.14,0.0,0.0,0.0
2024-04-08,1218.43,30,40.61,211940.64,7064.69,61.79,2,2,23777.92,188162.72,1218.4267,0.0,1218426.7
2024-04-09,0.0,3,0.0,57063.84,19021.28,19.97,1,1,0.0,57063.840000000004,0.0,0.0,0.0
2024-04-10,5207.44,41,127.01,351735.97,8578.93,123.11,1,1,339369.25,12366.72,4836.231433,371.211981,13.028185113494187
2024-04-11,389.74,16,24.36,76400.96,4775.06,26.74,1,1,52007.32,24393.64,0.0,389.743164,0.0
2024-04-12,-592.65,129,-4.59,442088.59,3427.04,97.56,3,5,310043.75,132044.84,-2830.444513,2237.798674,-1.2648337319402074
2024-04-13,6621.45,89,74.4,486411.25,5465.29,119.0,2,6,317989.26,168421.99,3361.16575,3260.286005,1.0309416762528243
2024-04-14,-36104.01,107,-337.42,659162.17,6160.39,213.48,2,5,290226.24,368935.93,422.54312000000004,-36526.55564,-0.011568107755152896
2024-04-15,3774.09,41,92.05,291111.19,7100.27,40.65,2,2,168675.52,122435.67,1338.142405,2435.946315,0.5493314230402392
2024-04-16,2467.7,47,52.5,181907.17,3870.37,18.46,2,2,88836.19,93070.98,1168.3752100000002,1299.327011,0.8992149789034296
2024-04-17,2441.47,14,174.39,97562.99,6968.79,10.62,1,1,47560.770000000004,50002.22,2441.4683999999997,0.0,2441468.4
2024-04-19,1946.45,35,55.61,337257.92,9635.94,118.04,1,1,18004.649999999998,319253.27,0.0,1946.4454620000001,0.0
2024-04-20,0.0,22,0.0,60733.24,2760.6,121.29,2,2,48733.65,11999.59,0.0,0.0,0.0
2024-04-22,0.0,9,0.0,47993.61,5332.62,16.8,1,1,0.0,47993.61,0.0,0.0,0.0
2024-04-23,1119.54,66,16.96,233054.9,3531.13,71.31,2,2,163962.22,69092.68,156.60282,962.9333759999998,0.1626308333185937
2024-04-24,279.19,20,13.96,141275.24,7063.76,49.45,1,1,92999.91,48275.33,0.0,279.185907,0.0
2024-04-25,0.0,74,0.0,120241.01,1624.88,160.16,2,2,120241.01,0.0,0.0,0.0,0.0
2024-04-26,0.0,3,0.0,4988.29,1662.76,1.75,1,1,0.0,4988.290000000001,0.0,0.0,0.0
2024-04-27,4281.49,27,158.57,154264.47,5713.5,53.99,1,1,0.0,154264.47,0.0,4281.488139,0.0
2024-04-28,0.0,58,0.0,43985.6,758.37,15.39,2,2,0.0,43985.6,0.0,0.0,0.0
2024-04-29,526.93,45,11.71,108699.01,2415.53,38.04,2,2,89478.89,19220.12,526.9338359999999,0.0,526933.8359999999
2024-04-30,0.0,24,0.0,125018.75,5209.11,43.76,1,1,125018.75,0.0,0.0,0.0,0.0
2024-05-01,0.0,14,0.0,87025.45,6216.1,30.46,1,1,87025.45,0.0,0.0,0.0,0.0
2024-05-03,5306.02,36,147.39,282682.65,7852.3,98.91,3,4,172.18,282510.47,-13.86348,5319.880525,-0.0026059753276178456
2024-05-04,0.0,9,0.0,58998.75,6555.42,20.65,2,2,0.0,58998.75,0.0,0.0,0.0
2024-05-05,0.92,6,0.15,24068.35,4011.39,8.41,2,2,40.69,24027.66,0.916,0.0,916.0
2024-05-06,968.59,9,107.62,206016.43,22890.71,72.11,1,1,179016.9,26999.53,968.59038,0.0,968590.38
2024-05-07,883.54,18,49.09,108717.58,6039.87,38.04,3,4,40395.55,68322.03,604.380933,279.15676,2.1650156993665517
2024-05-08,1.57,13,0.12,65973.57,5074.89,23.08,2,3,65926.89,46.68,4.7394,-3.17364,-1.4938347874325484
2024-05-09,1147.6,28,40.99,221966.12,7927.36,77.69,2,2,51001.63,170964.49,0.0,1147.595856,0.0
2024-05-10,2101.74,22,95.53,156882.0,7131.0,54.91,1,1,123891.36,32990.64,2101.741695,0.0,2101741.6950000003
2024-05-11,251.6,9,27.96,63248.95,7027.66,22.14,1,1,0.0,63248.95,0.0,251.604742,0.0
2024-05-12,0.0,23,0.0,55179.56,2399.11,19.31,2,3,50200.88,4978.68,0.0,0.0,0.0
2024-05-13,2136.85,28,76.32,193118.9,6897.1,67.59,2,2,39004.93,154113.97,0.0,2136.853859,0.0
2024-05-14,1150.52,23,50.02,145853.4,6341.45,51.05,1,1,145853.4,0.0,1150.5233050000002,0.0,1150523.3050000002
2024-05-15,948.97,36,26.36,234922.57,6525.63,82.22,1,1,59980.26,174942.31,23.662860000000002,925.307722,0.025572935213291983
2024-05-16,214.59,27,7.95,162620.96,6023.0,56.92,2,2,125785.35,36835.61,214.5898,0.0,214589.8
2024-05-18,3522.39,25,140.9,126303.14,5052.13,44.21,1,1,29889.28,96413.86,108.780764,3413.613897,0.03186673578662907
2024-05-19,0.0,8,0.0,29998.09,3749.76,10.5,1,1,29998.09,0.0,0.0,0.0,0.0
2024-05-20,-74.82,10,-7.48,38124.75,3812.48,13.34,2,2,33003.4,5121.35,0.0,-74.818442,-0.0
2024-05-21,7289.4,125,58.32,1100948.59,8807.59,385.33,2,3,311227.62,789720.97,-527.567728,7816.965299999999,-0.06749008601968771
2024-05-22,0.0,6,0.0,44995.29,7499.22,15.75,1,1,0.0,44995.29,0.0,0.0,0.0
2024-05-23,413.35,325,1.27,401850.6,1236.46,113.43,3,7,222862.93,178987.67,403.149609,10.197719999999997,39.529432026764155
2024-05-24,821.95,2,410.97,50811.9,25405.95,17.78,1,1,0.0,50811.899999999994,0.0,821.949278,0.0
2024-05-25,14.13,16,0.88,29991.13,1874.45,10.25,2,2,27492.059999999998,2499.07,14.126038999999999,0.0,14126.038999999999
2024-05-26,778.68,16,48.67,53976.67,3373.54,18.77,2,4,494.66,53482.01,5.2257,773.4582,0.006756271048298346
2024-05-27,1129.36,251,4.5,151115.72,602.05,45.83,1,5,76102.26,75013.46,1129.35587,0.0,1129355.87
2024-05-29,277.79,164,1.69,84268.76,513.83,36.88,2,15,56904.44,27364.32,277.199233,0.5927199999999999,466.885456107256
2024-05-30,20.95,7,2.99,2838.09,405.44,0.99,1,5,1783.32,1054.77,20.951433,0.0,20951.433
2024-05-31,25.36,13,1.95,3636.14,279.7,1.27,1,3,1805.3799999999999,1830.76,25.35812,0.0,25358.12
2024-06-01,91.51,25,3.66,12834.62,513.38,4.49,1,3,6371.530000000001,6463.09,91.510419,0.0,91510.419
2024-06-02,192.91,93,2.07,29464.51,316.82,7.79,1,2,10703.07,18761.44,192.906947,0.0,192906.947
2024-06-03,562.81,70,8.04,21466.86,306.67,5.38,1,2,14384.74,7082.12,562.808208,0.0,562808.208
2024-06-04,52.21,53,0.99,24243.41,457.42,7.43,1,4,12095.619999999999,12147.79,52.211438,0.0,52211.438
2024-06-05,56.06,54,1.04,25350.77,469.46,7.1,1,3,12647.34,12703.43,56.055506,0.0,56055.506
2024-06-06,274.17,234,1.17,137557.76,587.85,37.08,1,5,68641.61,68916.15,273.456737,0.71645,381.15093316607425
2024-06-07,8902.47,440,20.23,1098588.76,2496.79,372.96,3,6,749082.09,349506.67,7492.152292,1410.315124,5.312392139962515
2024-06-08,129.14,29,4.45,97351.88,3356.96,34.07,2,4,69448.03,27903.85,0.0,129.13883900000002,0.0
2024-06-09,0.0,17,0.0,22410.22,1318.25,7.52,2,2,22410.22,0.0,0.0,0.0,0.0
2024-06-10,31.27,53,0.59,46587.93,879.02,14.7,2,3,35278.46,11309.47,31.266804999999998,0.0,31266.804999999997
2024-06-11,4320.63,123,35.13,373279.92,3034.8,129.93,3,7,363850.15,9429.77,4269.550668,51.081143,83.58205856790308
2024-06-12,-21886.53,254,-86.17,193407.96,761.45,63.92,2,3,108407.68,85000.28,-21886.531493,0.0,-21886531.492999997
2024-06-13,6632.76,79,83.96,132577.22,1678.19,33.4,2,4,81621.4,50955.81999999999,5677.372175,955.3849399999999,5.942490816852508
2024-06-14,10258.59,31,330.92,139868.66,4511.89,38.95,2,2,139868.66,0.0,10258.592609,0.0,10258592.609
2024-06-15,3369.96,78,43.2,718350.25,9209.62,251.42,2,2,108002.32,610347.9299999999,0.0,3369.958346,0.0
2024-06-16,0.0,11,0.0,25235.08,2294.1,8.83,1,1,0.0,25235.079999999998,0.0,0.0,0.0
2024-06-17,10599.5,38,278.93,368380.12,9694.21,128.93,2,2,250003.79,118376.33,9223.557689000001,1375.944686,6.703431525566773
2024-06-18,282.58,25,11.3,263314.79,10532.59,67.16,2,2,238015.28,25299.510000000002,0.0,282.57636,0.0
2024-06-19,4887.66,61,80.13,417071.12,6837.23,138.85,3,5,23168.39,393902.73,0.0,4887.656944,0.0
2024-06-20,57478.46,39,1473.81,207990.8,5333.1,13.47,3,4,0.0,207990.8,0.0,57478.456026,0.0
2024-06-21,773.56,80,9.67,176264.49,2203.31,61.28,2,3,151239.62,25024.87,773.5582039999999,0.0,773558.2039999999
2024-06-22,756.88,24,31.54,169594.27,7066.43,40.53,2,2,93000.1,76594.17,0.0,756.876565,0.0
2024-06-23,0.0,5,0.0,1792.12,358.42,0.18,1,1,0.0,1792.12,0.0,0.0,0.0
2024-06-24,0.0,31,0.0,403002.8,13000.09,103.55,2,2,402007.20999999996,995.5899999999999,0.0,0.0,0.0
2024-06-25,4869.35,49,99.37,103099.08,2104.06,36.08,1,2,52649.76,50449.32,4869.353105,0.0,4869353.105
2024-06-26,4197.73,72,58.3,365190.66,5072.09,127.55,2,2,995.8199999999999,364194.84,0.0,4197.732182,0.0
2024-06-27,0.0,30,0.0,130486.95,4349.56,45.56,2,3,499.59,129987.36,0.0,0.0,0.0
2024-06-29,6150.33,75,82.0,280095.11,3734.6,460.3,2,5,247500.25999999998,32594.85,5957.231192,193.094953,30.85114472595912
2024-06-30,0.0,14,0.0,30520.69,2180.05,17.06,2,4,30162.32,358.37,0.0,0.0,0.0
2024-07-01,5065.84,64,79.15,362670.15,5666.72,425.32,2,5,18397.62,344272.52999999997,0.0,5065.839308,0.0
2024-07-02,2421.25,18,134.51,33347.47,1852.64,11.46,1,2,32849.02,498.45,2399.053116,22.2,108.06058808161795
2024-07-03,1118.39,18,62.13,179600.66,9977.81,62.63,2,2,179600.66,0.0,1118.387284,0.0,1118387.284
2024-07-04,0.0,25,0.0,430568.01,17222.72,113.02,2,2,430568.01,0.0,0.0,0.0,0.0
2024-07-05,0.0,32,0.0,272289.89,8509.06,95.13,2,3,272289.89,0.0,0.0,0.0,0.0
2024-07-06,108.87,24,4.54,2490.17,103.76,344.35,1,3,873.4300000000001,1616.7399999999998,0.0,108.87217799999999,0.0
2024-07-07,61.43,10,6.14,498.75,49.88,0.05,1,1,0.0,498.75,0.0,61.428942,0.0
2024-07-08,0.0,1,0.0,497.64,497.64,0.02,1,1,497.64,0.0,0.0,0.0,0.0
2024-07-09,648.98,15,43.27,2736.45,182.43,0.4,1,1,0.0,2736.45,0.0,648.984412,0.0
2024-07-10,11977.73,56,213.89,687900.21,12283.93,240.77,2,3,60003.340000000004,627896.87,0.0,11977.734907,0.0
2024-07-11,1876.81,19,98.78,169887.02,8941.42,59.46,1,1,84005.88,85881.14,0.0,1876.812082,0.0
2024-07-12,1412.31,19,74.33,89582.97,4714.89,31.35,2,2,89582.97,0.0,1412.314654,0.0,1412314.654
2024-07-13,2913.62,17,171.39,139189.19,8187.6,48.72,2,2,0.0,139189.19,0.0,2913.617837,0.0
2024-07-14,0.0,7,0.0,84001.13,12000.16,29.4,1,1,0.0,84001.13,0.0,0.0,0.0
2024-07-15,-1.0,26,-0.04,198344.85,7628.65,69.0,2,2,15176.0,183168.85,-1.0,0.0,-1000.0
2024-07-16,0.0,22,0.0,144000.57,6545.48,50.4,1,1,0.0,144000.57,0.0,0.0,0.0
2024-07-17,1859.27,351,5.3,626005.53,1783.49,206.6,3,3,214452.88,411552.65,1859.269477,0.0,1859269.477
2024-07-18,3803.88,60,63.4,649704.85,10828.41,227.4,2,2,649704.85,0.0,3803.884311,0.0,3803884.3109999998
2024-07-19,2155.89,23,93.73,150269.42,6533.45,52.59,2,3,999.73,149269.69,0.0,2155.891114,0.0
2024-07-20,2299.17,266,8.64,244362.21,918.65,80.76,2,5,129467.37000000001,114894.84,2299.169566,0.0,2299169.566
2024-07-21,-2960.72,448,-6.61,234307.46,523.01,64.72,2,4,128967.69,105339.77,-2960.716887,0.0,-2960716.887
2024-07-22,1517.12,154,9.85,304213.8,1975.41,97.46,2,3,150754.78,153459.02,201.86897600000003,1315.2509,0.1534831282129302
2024-07-23,89890.3,370,242.95,358526.54,968.99,59.24,3,3,109979.58,248546.96,1805.309858,88084.992348,0.020495089905583675
2024-07-24,625.56,90,6.95,69207.93,768.98,55.07,5,27,58104.34,11103.59,625.561479,0.0,625561.4789999999
2024-07-25,916.74,78,11.75,528555.31,6776.35,224.19,3,4,528554.37,0.94,916.7382600000001,0.0,916738.26
2024-07-26,2766.51,152,18.2,548587.65,3609.13,206.57,4,4,220488.86,328098.79,341.250124,2425.262989,0.14070638311860903
2024-07-27,6400.62,57,112.29,905199.75,15880.7,316.82,2,3,112007.31,793192.44,0.0,6400.623656,0.0
2024-07-28,587.3,16,36.71,43254.68,2703.42,15.14,2,2,40755.82,2498.86,587.29903,0.0,587299.03
2024-07-29,330.8,39,8.48,327199.14,8389.72,114.52,2,2,162007.55,165191.59,201.074835,129.729619,1.549941228600782
2024-07-30,0.0,6,0.0,36006.47,6001.08,12.6,1,1,36006.47,0.0,0.0,0.0,0.0
2024-07-31,765.69,43,17.81,84506.54,1965.27,29.58,2,4,64549.03,19957.51,765.690884,0.0,765690.884
2024-08-01,167.08,57,2.93,227774.53,3996.04,108.1,4,6,215603.36000000002,12171.17,174.768294,-7.688276999999999,-22.734746516874573
2024-08-02,782.37,63,12.42,396320.37,6290.8,145.52,3,5,330999.71,65320.66,0.0,782.3681909999999,0.0
2024-08-03,464.19,37,12.55,290532.86,7852.24,108.65,5,4,290532.20999999996,0.65,464.1897,0.0,464189.7
2024-08-04,-122672.0,127,-965.92,1207744.07,9509.8,445.9,5,5,331369.01,876375.0599999999,0.0,-122672.000883,-0.0
2024-08-05,-13013.67,80,-162.67,420495.4,5256.19,202.72,4,6,236714.5,183780.9,239.709813,-13253.374982,-0.018086701041226227
2024-08-06,267.32,107,2.5,61478.38,574.56,62.62,2,16,60634.14,844.24,0.0,267.318048,0.0
2024-08-07,188.79,33,5.72,2492.77,75.54,3.75,3,14,1298.1799999999998,1194.59,0.0,188.789255,0.0
2024-08-08,-40.71,9,-4.52,16299.35,1811.04,6.65,2,4,15840.07,459.28,0.0,-40.712216999999995,-0.0
2024-08-09,18082.07,144,125.57,503204.86,3494.48,185.25,5,8,52518.94,450685.92,425.308643,17656.762633,0.024087576400757274
2024-08-10,0.0,88,0.0,11339.29,128.86,50.08,2,4,11338.61,0.68,0.0,0.0,0.0
2024-08-11,847.78,24,35.32,44230.21,1842.93,40.93,2,2,3390.36,40839.850000000006,0.0,847.7766200000001,0.0
2024-08-12,858.67,48,17.89,54167.32,1128.49,36.07,3,5,46667.45,7499.87,858.6705000000001,0.0,858670.5
2024-08-13,212.08,23,9.22,20797.87,904.26,17.93,3,5,20796.760000000002,1.11,212.08102,0.0,212081.02
2024-08-14,2168.9,25,86.76,66710.03,2668.4,46.49,3,3,27041.079999999998,39668.950000000004,0.0,2168.9015130000003,0.0
2024-08-15,0.0,12,0.0,1522.37,126.86,16.5,1,1,1522.3700000000001,0.0,0.0,0.0,0.0
2024-08-16,825.23,35,23.58,166382.84,4753.8,81.19,2,4,90550.48999999999,75832.35,0.0,825.230544,0.0
2024-08-17,-288.28,30,-9.61,30248.96,1008.3,17.1,2,2,30037.26,211.7,0.0,-288.283113,-0.0
2024-08-18,307.2,15,20.48,62804.48,4186.97,21.98,2,2,0.0,62804.48,0.0,307.201888,0.0
2024-08-19,339.7,8,42.46,100315.03,12539.38,35.11,1,1,49987.69,50327.34,0.0,339.69958299999996,0.0
2024-08-20,192.6,12,16.05,49914.8,4159.57,17.47,2,3,29918.190000000002,19996.61,192.602844,0.0,192602.844
2024-08-21,656.2,145,4.53,104990.41,724.07,36.75,2,6,56915.63,48074.78,656.200925,0.0,656200.9249999999
2024-08-23,1005.31,10,100.53,63509.56,6350.96,22.23,1,1,0.0,63509.56,0.0,1005.30527,0.0
2024-08-24,0.0,7,0.0,34999.67,4999.95,12.25,2,2,0.0,34999.67,0.0,0.0,0.0
2024-08-25,0.0,17,0.0,21950.28,1291.19,26.3,2,3,1954.6399999999999,19995.64,0.0,0.0,0.0
2024-08-26,231.24,6,38.54,92611.27,15435.21,32.3,2,2,92611.27,0.0,231.236918,0.0,231236.918
2024-08-27,0.0,50,0.0,70250.16,1405.0,52.05,2,4,70249.38,0.78,0.0,0.0,0.0
2024-08-28,1333.36,9,148.15,71160.07,7906.67,24.91,2,2,71160.06999999999,0.0,1333.359645,0.0,1333359.645
2024-08-29,0.0,1,0.0,9995.85,9995.85,3.5,1,1,0.0,9995.85,0.0,0.0,0.0
2024-08-30,256.46,6,42.74,37233.24,6205.54,13.03,4,4,37231.93,1.31,256.464,0.0,256464.0
2024-08-31,10.88,34,0.32,107507.43,3161.98,39.96,3,5,51999.48,55507.950000000004,3.87235,7.010451000000001,0.5522893905983226
2024-09-01,137.43,12,11.45,12359.68,1029.97,4.33,1,4,7860.6900000000005,4498.99,135.669095,1.763998,76.86642987697437
2024-09-02,0.0,2,0.0,30000.42,15000.21,10.5,1,1,30000.42,0.0,0.0,0.0,0.0
2024-09-04,1065.79,34,31.35,131480.97,3867.09,63.57,2,4,83721.49,47759.48,3307.570346,-2241.785214,-1.4754186979032766
2024-09-05,0.0,1,0.0,0.84,0.84,0.0,1,1,0.0,0.84,0.0,0.0,0.0
2024-09-06,-1104.86,42,-26.31,39047.1,929.69,13.67,2,2,34990.67,4056.43,0.0,-1104.856765,-0.0
2024-09-08,0.0,1,0.0,0.11,0.11,0.0,1,1,0.0,0.11,0.0,0.0,0.0
2024-09-09,0.0,2,0.0,4014.43,2007.22,34.91,1,1,4014.4300000000003,0.0,0.0,0.0,0.0
2024-09-10,-219.73,3,-73.24,2547.28,849.09,7.29,2,2,766.74,1780.54,0.0,-219.729659,-0.0
2024-09-11,0.0,1,0.0,0.54,0.54,0.0,1,1,0.0,0.54,0.0,0.0,0.0
2024-09-14,0.0,11,0.0,1014.8,92.25,30.38,2,2,1014.1500000000001,0.65,0.0,0.0,0.0
2024-09-18,-878.68,145,-6.06,13633.5,94.02,31.73,1,2,1011.5,12622.0,0.0,-878.684794,-0.0
2024-09-19,0.0,19,0.0,1521.87,80.1,28.61,1,2,1521.8700000000001,0.0,0.0,0.0,0.0
2024-09-20,9585.03,16,599.06,332873.38,20804.59,109.32,2,3,19999.800000000003,312873.58,0.0,9585.03428,0.0
2024-09-21,36165.57,23,1572.42,165648.12,7202.09,57.98,1,1,0.0,165648.12,0.0,36165.56933,0.0
2024-09-22,0.0,3,0.0,19999.74,6666.58,7.0,1,1,19999.739999999998,0.0,0.0,0.0,0.0
2024-09-23,334.76,2,167.38,40334.29,20167.14,14.12,1,1,9999.99,30334.3,0.0,334.760796,0.0
2024-09-24,0.0,10,0.0,7118.63,711.86,12.97,2,3,1005.0600000000001,6113.57,0.0,0.0,0.0
2024-09-25,0.0,9,0.0,52754.13,5861.57,17.76,2,2,50001.11,2753.02,0.0,0.0,0.0
2024-09-26,439.81,8,54.98,113711.93,14213.99,31.35,2,2,0.0,113711.93000000001,0.0,439.812513,0.0
2024-09-27,0.0,56,0.0,126097.04,2251.73,37.5,2,2,0.0,126097.04,0.0,0.0,0.0
2024-09-28,0.0,4,0.0,29199.21,7299.8,2.8,1,1,0.0,29199.21,0.0,0.0,0.0
2024-09-30,2710.63,106,25.57,214669.85,2025.19,65.64,2,2,177280.9,37388.95,2710.626288,0.0,2710626.2879999997
2024-10-01,0.0,4,0.0,139954.32,34988.58,48.98,1,1,139954.32,0.0,0.0,0.0,0.0
2024-10-02,0.0,4,0.0,99954.34,24988.58,34.98,1,1,99954.34,0.0,0.0,0.0,0.0
2024-10-03,100.38,9,11.15,132935.69,14770.63,46.53,2,2,126422.16,6513.53,0.0,100.375782,0.0
2024-10-04,0.0,1,0.0,0.34,0.34,0.0,1,1,0.0,0.34,0.0,0.0,0.0
2024-10-05,5767.16,37,155.87,605605.74,16367.72,211.96,2,2,99960.65000000001,505645.09,39.480396,5727.681496,0.006892909309755147
2024-10-06,130.49,22,5.93,300130.56,13642.3,105.05,1,1,40001.08,260129.47999999998,0.0,130.487079,0.0
2024-10-07,0.0,21,0.0,219984.65,10475.46,76.99,1,1,0.0,219984.65,0.0,0.0,0.0
2024-10-08,5396.55,36,149.9,434584.13,12071.78,152.1,2,2,434583.53,0.6,5396.546638,0.0,5396546.637999999
2024-10-09,396.06,14,28.29,220399.93,15742.85,77.14,1,1,160003.27000000002,60396.659999999996,0.0,396.06272,0.0
2024-10-10,0.0,16,0.0,300024.34,18751.52,105.01,1,1,300024.33999999997,0.0,0.0,0.0,0.0
2024-10-11,8885.33,26,341.74,488904.19,18804.01,171.12,2,2,0.0,488904.19,0.0,8885.327477,0.0
2024-10-12,541.55,10,54.16,159713.4,15971.34,55.9,1,1,109582.25,50131.15,407.45795,134.09676,3.0385142153008373
2024-10-13,0.0,10,0.0,60002.42,6000.24,21.0,1,1,60002.42,0.0,0.0,0.0,0.0
2024-10-14,1913.62,5,382.72,61916.02,12383.2,21.67,1,1,0.0,61916.020000000004,0.0,1913.61958,0.0
2024-10-15,1170.23,7,167.18,81173.36,11596.19,28.41,1,1,40001.57,41171.79,0.0,1170.2260760000001,0.0
2024-10-16,219.48,11,19.95,80229.17,7293.56,28.08,1,1,40004.85,40224.32,0.0,219.480876,0.0
2024-10-17,36.11,9,4.01,140531.75,15614.64,49.19,2,1,120496.39,20035.36,0.0,36.11496,0.0
2024-10-18,333.22,6,55.54,120331.43,20055.24,42.12,1,1,10000.41,110331.02,0.0,333.219141,0.0
2024-10-19,0.0,4,0.0,99996.86,24999.22,35.0,1,1,99996.86,0.0,0.0,0.0,0.0
2024-10-20,389.16,96,4.05,176447.86,1838.0,59.26,2,4,24302.47,152145.39,160.095271,229.060526,0.6989182068052755
2024-10-21,2464.92,173,14.25,324117.99,1873.51,109.86,2,2,248317.61,75800.38,2464.915564,0.0,2464915.564
2024-10-22,0.0,3,0.0,60000.36,20000.12,21.0,1,1,60000.36,0.0,0.0,0.0,0.0
2024-10-23,-46.49,18,-2.58,210006.07,11667.0,73.5,1,2,140031.91999999998,69974.15,0.0,-46.489941,-0.0
2024-10-25,13235.86,30,441.2,427883.18,14262.77,143.84,2,2,113298.98999999999,314584.19,8692.0,4543.862071,1.9129097563424355
2024-10-26,42471.99,6,7078.67,88668.86,14778.14,8.51,1,1,88668.86,0.0,42471.99413,0.0,42471994.129999995
2024-10-27,666.66,4,166.67,90664.41,22666.1,31.73,1,1,0.0,90664.41,0.0,666.6623079999999,0.0
2024-10-28,167.28,13,12.87,121495.25,9345.79,42.27,2,2,0.0,121495.25,0.0,167.28016200000002,0.0
2024-10-29,801.17,53,15.12,613267.81,11571.09,214.64,2,7,1697.55,611570.26,801.170876,0.0,801170.876
2024-10-30,9.15,25,0.37,11830.85,473.23,3.6,1,4,3891.9700000000003,7938.88,9.150023,0.0,9150.023
2024-10-31,1214.04,48,25.29,896173.36,18670.28,312.71,3,7,845280.32,50893.04,1216.5972259999999,-2.5534149999999998,-476.6455400081883
2024-11-01,1040.48,23,45.24,260981.03,11347.0,90.65,2,2,144964.23,116016.8,0.0,1040.475736,0.0
2024-11-02,0.0,2,0.0,40000.0,20000.0,14.0,1,1,40000.0,0.0,0.0,0.0,0.0
2024-11-03,0.0,6,0.0,129055.66,21509.28,40.4,2,2,129055.66,0.0,0.0,0.0,0.0
2024-11-04,2799.41,36,77.76,451811.97,12550.33,158.13,2,2,159968.74,291843.23,0.0,2799.410474,0.0
2024-11-05,678.48,10,67.85,200627.23,20062.72,70.22,1,1,49990.479999999996,150636.75,0.0,678.4759280000001,0.0
2024-11-06,2817.84,15,187.86,123906.9,8260.46,43.37,2,2,60544.560000000005,63362.340000000004,0.0,2817.83723,0.0
2024-11-07,4493.35,113,39.76,111335.3,985.27,26.18,3,5,55020.3,56315.0,0.0,4493.353136,0.0
2024-11-08,-64.41,39,-1.65,270700.44,6941.04,93.88,2,2,135382.45,135317.99,0.0,-64.41354100000007,-0.0
2024-11-09,102.91,86,1.2,193384.41,2248.66,66.18,2,4,167837.69999999998,25546.71,102.90894,0.0,102908.94
2024-11-10,991.11,173,5.73,413636.7,2390.96,142.31,3,10,87998.01,325638.69,442.748384,548.36595,0.807394362479358
2024-11-11,6749.63,373,18.1,1570572.42,4210.65,396.91,4,13,373601.31,1196971.11,4876.874304,1872.7566920000002,2.6041138823420193
2024-11-12,3494.4,171,20.44,1226354.52,7171.66,427.9,4,5,804319.93,422034.59,1441.27965,2053.119744,0.7019945876110635
2024-11-13,7846.4,48,163.47,515336.37,10736.17,179.18,5,5,71147.62,444188.75,48.000187,7798.4020869999995,0.006155130283021237
2024-11-14,4563.51,110,41.49,1008361.81,9166.93,335.03,2,3,501900.39,506461.42,0.0,4563.509225,0.0
2024-11-15,4140.74,149,27.79,1427858.42,9582.94,466.43,4,4,727591.16,700267.26,892.2617,3248.478738,0.27467054498217097
2024-11-16,2769.52,157,17.64,303296.07,1931.82,100.17,4,12,156831.86,146464.21,1077.223974,1692.297935,0.636544733156143
2024-11-17,882.98,209,4.22,1215987.57,5818.12,271.11,4,15,383838.62,832148.95,245.622924,637.352361,0.3853795069262999
2024-11-18,4470.82,346,12.92,2084339.58,6024.1,445.1,7,23,484928.60000000003,1599410.98,448.26753,4022.547657,0.11143868433261316
2024-11-19,2958.27,305,9.7,628031.15,2059.12,201.49,5,23,285123.48,342907.67,1855.241551,1103.02744,1.6819525986111472
2024-11-20,4210.09,550,7.65,1999514.12,3635.48,644.06,5,20,1033820.78,965693.34,2489.148666,1720.944231,1.4463845921195386
2024-11-21,1692.43,535,3.16,598300.62,1118.32,198.63,5,12,258781.15,339519.47,395.18928,1297.241611,0.30463791171287696
2024-11-22,-18105.35,679,-26.66,1646713.62,2425.2,436.44,6,15,1031637.74,615075.88,-20927.865142,2822.519525,-7.414601579203749
2024-11-23,2901.53,363,7.99,516245.68,1422.16,154.62,4,16,275720.34,240525.34,1424.503567,1477.028071,0.9644384088090844
2024-11-24,945.55,172,5.5,664952.28,3866.0,202.58,3,16,456490.19,208462.09,470.917082,474.633304,0.9921682399087615
2024-11-25,5523.74,255,21.66,937410.87,3676.12,283.78,2,14,589105.76,348305.11,77.591615,5446.149119,0.014247057702156595
2024-11-26,1094.81,302,3.63,1146902.44,3797.69,311.3,4,16,813171.27,333731.17,1748.061746,-653.252387,-2.675940351275519
2024-11-27,-2654.5,213,-12.46,1444242.53,6780.48,439.71,2,12,162352.03,1281890.5,47.242807,-2701.73844,-0.01748608369583093
2024-11-28,-127075.4,332,-382.76,1894225.15,5705.5,315.58,5,16,1672642.48,221582.67,-131030.446476,3955.046891,-33.12992663734094
2024-11-29,176844.99,393,449.99,794262.91,2021.03,192.45,11,25,355646.32,438616.59,220.41082600000001,176624.583326,0.0012479057026013025
2024-11-30,37316.69,373,100.04,1732193.7,4643.95,552.38,8,25,389072.19,1343121.51,911.4291049999999,36405.264415,0.025035639614495585
2024-12-01,40886.36,416,98.28,814711.82,1958.44,245.38,9,30,340018.24,474693.58,1235.604722,39650.759772,0.031162194569354686
2024-12-02,18489.6,270,68.48,585243.56,2167.57,147.89,8,27,352851.42,232392.13999999998,396.628772,18092.975541,0.02192169824026524
2024-12-03,23576.54,374,63.04,1084666.53,2900.18,330.57,8,20,546804.58,537861.95,-123.87751200000001,23700.416797,-0.0052268070993955395
2024-12-04,292891.82,319,918.16,769287.65,2411.56,172.61,7,28,324979.29,444308.36,871.146069,292020.668952,0.0029831657777622113
2024-12-05,71574.12,456,156.96,1256750.79,2756.03,352.77,8,26,242829.01,1013921.78,3668.412273,67905.706215,0.054022149587298125
2024-12-06,-92624.64,403,-229.84,3471019.22,8612.95,691.99,10,30,2296546.94,1174472.28,-171780.263771,79155.619876,-2.1701587565095304
2024-12-07,85906.28,304,282.59,451733.42,1485.97,108.45,6,30,255448.73,196284.69,3409.862668,82496.416399,0.0413334636279773
2024-12-08,15965.93,420,38.01,932939.72,2221.29,234.18,6,31,154005.65,778934.0700000001,376.27863,15589.654806,0.024136429609637786
2024-12-09,6310.97,539,11.71,983949.68,1825.51,174.77,10,29,740757.99,243191.69,2395.497657,3915.4700190000003,0.6118031892908258
2024-12-10,39325.77,1596,24.64,3150424.08,1973.95,453.54,11,34,1624729.47,1525694.61,6090.498798,33235.271433,0.18325406570016908
2024-12-11,319051.55,1221,261.3,2194098.33,1796.97,413.51,12,21,377291.79000000004,1816806.54,1477.096087,317574.45813,0.004651180359549464
2024-12-12,599151.8,1932,310.12,4557189.87,2358.79,698.97,14,29,1768229.68,2788960.19,786.9165750000002,598364.878433,0.0013151115682886812
2024-12-13,31935.9,1173,27.23,2880824.64,2455.95,453.23,11,27,2035245.66,845578.98,13468.515096,18467.386649,0.7293134985840465
2024-12-14,167801.4,1235,135.87,2369561.78,1918.67,232.09,12,23,1409894.23,959667.55,466.758448,167334.640796,0.002789371304054493
2024-12-15,97525.32,1697,57.47,2583269.81,1522.26,231.33,15,21,1528327.23,1054942.58,227.08739,97298.227889,0.002333931383880239
2024-12-16,166774.34,1055,158.08,2740808.97,2597.92,402.15,13,34,829193.08,1911615.89,46.35979700000001,166727.984336,0.0002780564816792636
2024-12-17,219591.31,1941,113.13,5233597.63,2696.34,746.14,16,36,1571821.05,3661776.58,1627.2898619999999,217964.01531,0.007465864731018637
2024-12-18,13682.99,1429,9.58,3798887.07,2658.42,691.45,13,35,2469780.25,1329106.82,-817.0589800000001,14500.053652999999,-0.0563486827845131
2024-12-19,62744.0,3339,18.79,8241709.39,2468.32,1056.23,13,29,4343441.87,3898267.52,4807.2485990000005,57936.755887,0.08297407133740797
2024-12-20,254969.66,2488,102.48,7681274.71,3087.33,1210.84,15,20,3675898.01,4005376.7,14006.396528,240963.263511,0.058126688134076995
2024-12-21,150022.16,1681,89.25,4382875.12,2607.3,680.39,8,19,1808318.78,2574556.34,6994.651991,143027.511166,0.048904241464270845
2024-12-22,352197.16,774,455.04,3087320.22,3988.79,333.06,8,17,2359682.69,727637.53,328356.817784,23840.346189,13.773155868111884
2024-12-23,-29430.63,2347,-12.54,6771878.26,2885.33,1200.9,14,33,3496705.81,3275172.45,41319.209328000004,-70749.835905,-0.5840184557812999
2024-12-24,14813.78,338,43.83,1767036.11,5227.92,386.78,11,31,439295.84,1327740.27,-5464.292967,20278.073083,-0.26946804438301947
2024-12-25,756.66,208,3.64,347889.35,1672.54,66.52,6,20,138290.38,209598.97,77.23063199999999,679.4264149999999,0.1136701732884888
2024-12-26,60228.64,697,86.41,2205242.65,3163.91,523.36,7,16,1267495.71,937746.9400000001,18604.487832,41624.15189,0.446963758786059
2024-12-27,2672.81,260,10.28,347913.0,1338.13,88.56,7,16,169366.99,178546.01,228.410777,2444.400258,0.09344242327337239
2024-12-28,940.67,161,5.84,281555.01,1748.79,48.41,7,14,73008.22,208546.79,184.646482,756.027141,0.24423228711535486
2024-12-29,2884.07,201,14.35,344628.54,1714.57,72.12,7,18,123861.65999999999,220766.88,831.890306,2052.1776210000003,0.40536934625828547
2024-12-30,9009.74,304,29.64,1073865.73,3532.45,284.91,9,18,488282.21,585583.52,1534.458361,7475.279776,0.205271000110993
2024-12-31,5445.01,306,17.79,877164.62,2866.55,266.52,6,19,476987.15,400177.47,441.646577,5003.366233,0.08826987035592636
2025-01-01,-9528.07,96,-99.25,282582.1,2943.56,31.6,6,13,178565.42,104016.68,125.506636,-9653.571981000001,-0.013001057976060888
2025-01-02,8716.52,361,24.15,774674.84,2145.91,176.14,9,40,323347.39999999997,451327.44,1772.4856519999998,6944.033435,0.2552530043725222
2025-01-03,6028.49,508,11.87,771208.99,1518.13,211.0,9,68,260007.88,511201.11,1745.623163,4282.86363,0.40758308137327237
2025-01-04,2553.54,371,6.88,1826029.62,4921.91,233.71,9,32,125538.95,1700490.67,223.139497,2330.398471,0.09575160815851386
2025-01-05,3187.72,239,13.34,451943.57,1890.98,139.34,8,23,187163.38999999998,264780.18,217.407845,2970.311518,0.07319359282315087
2025-01-06,6064.19,573,10.58,556526.99,971.25,174.93,7,39,206399.19,350127.8,889.950795,5174.234598,0.1719965738212603
2025-01-07,16098.23,637,25.27,1313178.1,2061.5,303.39,6,72,965324.23,347853.87,15315.180077,783.0474539999999,19.558406633416332
2025-01-08,130117.09,1039,125.23,3177275.18,3058.01,696.91,11,56,2885670.17,291605.01,129349.500976,767.5895780000001,168.51366429357083
2025-01-09,46975.93,522,89.99,1020733.25,1955.43,275.51,7,80,370199.24,650534.01,11517.138358,35458.790544,0.32480346499424967
2025-01-10,-10116.88,819,-12.35,6547449.68,7994.44,2094.18,7,82,2837427.82,3710021.86,1514.42457,-11631.300121999999,-0.13020252975315066
2025-01-11,2269.08,283,8.02,1658098.71,5859.01,494.65,7,19,993047.02,665051.69,752.520397,1516.560139,0.4962018197935639
2025-01-12,5742.24,602,9.54,2258459.17,3751.59,612.08,7,23,588905.68,1669553.49,112.13742599999999,5630.104377000001,0.01991746485920169
2025-01-13,9655.43,408,23.67,2936648.01,7197.67,863.1,11,26,1878613.87,1058034.1400000001,1958.482654,7696.946698,0.25444926103744975
2025-01-14,16069.51,275,58.43,876581.97,3187.57,240.59,9,23,383428.51,493153.46,1098.344089,14971.168266,0.07336394836536743
2025-01-15,14819.59,267,55.5,1801599.89,6747.57,513.61,11,22,651047.84,1150552.05,533.841971,14285.746329,0.03736885153472533
2025-01-16,20807.71,371,56.09,3049692.96,8220.2,890.57,9,28,1463284.78,1586408.18,267.57646,20540.132868,0.013027006626128382
2025-01-17,7006.42,238,29.44,1110230.46,4664.83,351.41,8,23,548626.6,561603.86,563.752849,6442.662759,0.08750306862009868
2025-01-18,443.23,651,0.68,2711629.88,4165.33,815.93,12,32,1395533.59,1316096.29,-4796.326315,5239.559397,-0.9154062462465781
2025-01-19,87923.8,1567,56.11,9715215.3,6199.88,2162.36,15,28,4170546.71,5544668.59,65467.253359,22456.545943,2.9152858418158094
2025-01-20,87277.24,1315,66.37,8287327.01,6302.15,2207.66,15,38,4281464.74,4005862.27,80015.784067,7261.455106,11.01924777881457
2025-01-21,11077.84,530,20.9,1523729.82,2874.96,398.3,8,29,600610.51,923119.31,1675.995093,9401.844328,0.178262355370669
2025-01-22,20524.41,832,24.67,1778406.43,2137.51,471.17,10,31,786517.8,991888.63,2037.777286,18486.630771,0.11022977637260366
2025-01-23,101256.24,1218,83.13,3697028.66,3035.33,1088.35,12,39,1501627.32,2195401.34,39522.316555,61733.925605,0.6402041588554807
2025-01-24,10602.78,874,12.13,1611433.45,1843.75,338.64,11,26,766632.62,844800.83,1810.23015,8792.549588,0.20588225588040257
2025-01-25,-10348.02,506,-20.45,1239377.7,2449.36,318.93,11,26,965590.46,273787.24,-16812.281914,6464.265658,-2.600802659214805
2025-01-26,40823.47,451,90.52,1201173.66,2663.36,382.26,7,25,498244.77999999997,702928.88,5771.290086,35052.176582,0.16464854637058768
2025-01-27,41331.77,773,53.47,1508028.31,1950.88,406.26,15,31,1136991.75,371036.56,28229.246979,13102.518413,2.154489994572466
2025-01-28,17979.61,498,36.1,579412.17,1163.48,124.71,8,20,187366.54,392045.63,2687.4368249999998,15292.177148,0.1757393092723994
2025-01-29,23421.01,910,25.74,1897513.41,2085.18,612.52,9,26,950332.98,947180.43,22036.925779,1384.085691,15.921636933795213
2025-01-30,23097.47,1067,21.65,3014397.17,2825.11,874.65,11,22,781087.07,2233310.1,2193.778639,20903.692746,0.10494693740046722
2025-01-31,35868.3,1016,35.3,2783411.48,2739.58,670.94,11,29,1100360.24,1683051.24,3884.058911,31984.237862,0.1214366528388641
2025-02-01,32300.21,634,50.95,1363746.44,2151.02,285.48,12,33,746312.58,617433.86,26931.914559,5368.290458,5.016850290210155
2025-02-02,162854.76,1319,123.47,5661092.29,4291.96,1184.12,13,39,3655408.1,2005684.19,147657.148075,15197.611548,9.715812112503922
2025-02-03,348871.33,2380,146.58,22592901.37,9492.82,2991.57,12,37,10785853.54,11807047.83,351873.365129,-3002.038859999999,-117.21150149951809
2025-02-04,416876.89,2512,165.95,15678409.27,6241.4,3853.78,13,23,6792488.25,8885921.02,391096.345067,25780.543053,15.17021302044591
2025-02-05,56706.24,1297,43.72,8743231.51,6741.12,1335.75,11,17,3503340.32,5239891.19,60313.092518,-3606.8569560000005,-16.721791292405022
2025-02-06,33803.8,1703,19.85,2818508.87,1655.03,709.13,11,20,1729054.04,1089454.83,54287.345172,-20483.545439,-2.6502905946608863
2025-02-07,22450.0,1524,14.73,3460263.54,2270.51,738.09,13,27,1812154.73,1648108.81,2927.588236,19522.413855,0.14996035366240557
2025-02-08,586.7,575,1.02,839734.97,1460.41,109.98,10,23,701310.44,138424.53,182.42602,404.27723299999997,0.4512387883124047
2025-02-09,150551.83,764,197.06,2920919.7,3823.19,427.36,12,24,1773829.71,1147089.99,149040.97868200002,1510.85081,98.64698688218802
2025-02-10,63908.49,889,71.89,3624958.44,4077.57,491.36,14,26,1777959.57,1846998.87,56128.629951,7779.864699,7.214601398352494
2025-02-11,-6093.78,848,-7.19,2797544.17,3298.99,476.43,12,19,887844.03,1909700.14,999.705973,-7093.49079,-0.14093288389719386
2025-02-12,19848.64,1031,19.25,4143974.54,4019.37,1099.16,12,23,1872816.9200000002,2271157.62,-4205.438614,24054.073646,-0.1748326915872164
2025-02-13,27829.53,1370,20.31,3199852.21,2335.66,823.49,11,28,1531823.61,1668028.5999999999,2055.52378,25774.010458,0.07975179895258351
2025-02-14,213860.68,1655,129.22,4007103.42,2421.21,961.58,15,22,1080371.99,2926731.43,-2.594268999999997,213863.269577,-1.2130502788069672e-05
2025-02-15,45042.93,932,48.33,1712852.95,1837.83,374.09,12,27,1134621.19,578231.76,41650.308881,3392.618129,12.27674174356163
2025-02-16,2369.48,681,3.48,806177.64,1183.81,171.57,10,14,380130.65,426046.99,650.671398,1718.807027,0.37855966913051886
2025-02-17,1818.57,941,1.93,2031044.64,2158.39,253.49,9,27,1593630.61,437414.02999999997,1124.868777,693.704518,1.6215364413462832
2025-02-18,91204.67,1676,54.42,3371128.68,2011.41,609.54,11,30,2140266.08,1230862.6,79543.757183,11660.91522,6.821398566141142
2025-02-19,14985.79,1361,11.01,3263930.24,2398.19,688.49,10,15,1796508.54,1467421.7,4634.694163,10351.100538,0.44774888411494584
2025-02-20,46008.79,2012,22.87,4628609.29,2300.5,1232.46,11,25,1483409.58,3145199.71,1759.343375,44249.450727,0.03975966495256006
2025-02-21,119693.49,1873,63.9,3972159.88,2120.75,829.72,14,23,1831306.89,2140852.99,14173.689908,105519.804042,0.1343225558686206
2025-02-22,25278.7,686,36.85,3175570.2,4629.11,880.16,10,34,1598869.8699999999,1576700.33,7341.923991,17936.780187,0.4093222699466942
2025-02-23,10656.93,520,20.49,1141310.74,2194.83,230.0,12,30,677026.62,464284.12,7361.127137,3295.807114,2.233481708395357
2025-02-24,38470.18,5616,6.85,11223619.59,1998.51,2097.96,14,42,6781502.98,4442116.61,22755.667172,15714.50907,1.4480672366262324
2025-02-25,204762.18,6246,32.78,19414984.36,3108.39,3186.62,18,26,12402432.93,7012551.43,216493.883605,-11731.706571,-18.453743344885723
2025-02-26,63229.06,1176,53.77,4946958.13,4206.6,754.17,13,33,612469.34,4334488.79,17780.737251,45448.325877999996,0.39122974314830183
2025-02-27,-36525.17,890,-41.04,1999898.43,2247.08,512.15,9,20,694275.67,1305622.76,10208.208196,-46733.375713,-0.21843507469107173
2025-02-28,225628.11,1019,221.42,4123660.77,4046.77,878.4,13,30,1987160.82,2136499.95,204427.897701,21200.211047,9.642728914587822
2025-03-01,10596.11,174,60.9,263824.13,1516.23,37.06,5,14,146062.82,117761.31,10068.323382999999,527.785585,19.076504915334294
2025-03-02,66914.32,532,125.78,6460848.74,12144.45,1931.7,10,15,3130871.27,3329977.4699999997,9264.111133999999,57650.209574,0.16069518292753773
2025-03-03,616413.03,1482,415.93,8244590.38,5563.15,1040.56,14,34,5677737.52,2566852.86,558436.311215,57976.721018,9.632078044040204
2025-03-04,182075.57,2402,75.8,11124247.15,4631.24,2220.34,16,18,8398559.48,2725687.67,178268.449028,3807.1175570000005,46.82503220190628
2025-03-05,269328.37,1660,162.25,9193654.22,5538.35,2321.32,13,34,2481977.23,6711676.99,596.5533360000002,268731.812581,0.0022198835636562607
2025-03-06,16101.13,760,21.19,6765324.96,8901.74,1306.62,12,12,3760373.52,3004951.44,3749.567775,12351.557786,0.303570410825392
2025-03-07,150236.06,2552,58.87,19854275.48,7779.89,4916.5,14,22,9556363.19,10297912.29,39054.000154,111182.061473,0.3512616989227383
2025-03-08,24700.77,529,46.69,892083.51,1686.36,208.34,13,16,491470.58,400612.93,18323.215641,6377.557718,2.873076744755735
2025-03-09,19773.46,1422,13.91,10419697.99,7327.5,2377.06,12,36,5749450.63,4670247.36,10024.454019,9749.003376,1.0282541306144142
2025-03-10,-10010.03,2911,-3.44,16811790.68,5775.26,3488.37,14,15,9674895.209999999,7136895.47,4297.3227640000005,-14307.350034,-0.3003577220201896
2025-03-11,-76880.73,3286,-23.4,14016952.09,4265.66,2441.08,16,18,7019130.2,6997821.89,-3182.6336059999994,-73698.09543,0.04318474759239443
2025-03-12,288105.98,3968,72.61,18618139.15,4692.07,3658.41,13,10,8825921.68,9792217.47,5505.189324,282600.794891,0.01948044522182934
2025-03-13,14114.87,962,14.67,3285591.22,3415.38,809.19,13,14,1812326.8699999999,1473264.35,4495.391728,9619.479145000001,0.46732169101015375
2025-03-14,68646.16,2210,31.06,8047187.16,3641.26,1193.49,10,5,2344456.82,5702730.34,16834.031009000002,51812.12908,0.32490521009284096
2025-03-15,78694.62,261,301.51,2355749.54,9025.86,574.33,8,11,1253060.68,1102688.86,77131.281458,1563.343114,49.337366461597846
2025-03-16,-7910.94,530,-14.93,10187921.51,19222.49,2442.48,8,12,5178877.99,5009043.52,-6073.421338999998,-1837.5222059999999,3.3052251691945904
2025-03-17,26163.91,920,28.44,3592895.05,3905.32,807.74,11,14,1850513.66,1742381.3900000001,23175.609936,2988.296577,7.755455853652422
2025-03-18,72322.79,834,86.72,4050655.47,4856.9,857.94,13,16,2042232.04,2008423.43,65066.745073,7256.043751,8.967246937669831
2025-03-19,29374.68,1612,18.22,4598813.57,2852.86,784.49,12,17,1984073.6,2614739.97,575.387834,28799.294507,0.01997923295936685
2025-03-20,10246.86,771,13.29,1652257.93,2143.01,329.24,13,20,532280.11,1119977.82,1131.952449,9114.906987,0.12418693097225227
2025-03-21,6951.27,698,9.96,2543903.39,3644.56,633.46,9,12,1384837.61,1159065.78,940.281475,6010.988899,0.15642705956907813
2025-03-22,12498.54,535,23.36,971809.42,1816.47,268.83,8,13,290888.85,680920.57,6760.380922,5738.154332,1.1781453325774138
2025-03-23,14047.42,447,31.43,2593519.67,5802.06,597.22,10,22,1429479.34,1164040.3299999998,9716.439165,4330.98242,2.2434717990677506
2025-03-24,107878.96,1027,105.04,3017587.05,2938.25,531.11,13,34,588673.66,2428913.39,43977.362227,63901.599074,0.6882043982634688
2025-03-25,32030.91,791,40.49,5372519.77,6792.06,1401.35,13,30,2402915.93,2969603.84,742.22381,31288.68297,0.02372179701490973
2025-03-26,15802.17,3102,5.09,7597754.37,2449.31,1796.8,17,18,3893411.72,3704342.65,12654.160833,3148.006594,4.019736438094501
2025-03-27,58825.36,785,74.94,3240279.46,4127.74,714.02,11,17,1917581.74,1322697.72,34644.133669,24181.225552,1.4326871961808996
2025-03-28,21337.18,728,29.31,1483092.61,2037.22,389.28,11,20,1005287.82,477804.79,16780.238447,4556.940888,3.6823463760176876
2025-03-29,12098.87,1894,6.39,3668151.83,1936.72,839.84,10,16,2428806.3,1239345.53,19609.90333,-7511.030399,-2.610814348910792
2025-03-30,15795.12,568,27.81,2850874.96,5019.15,759.07,9,18,1854570.06,996304.9,10915.739255999999,4879.375884,2.2371174671491105
2025-03-31,6978.18,495,14.1,2164772.47,4373.28,482.0,12,15,833379.91,1331392.56,6431.113893,547.0706639999999,11.755523665725816
2025-04-01,-2202.66,192,-11.47,704445.19,3668.99,162.94,9,14,351576.03,352869.16,-8898.392471000001,6695.730229,-1.3289650027259183
2025-04-02,202212.74,1076,187.93,3867930.6,3594.73,1181.22,11,15,443255.3,3424675.3,9145.936815,193066.804123,0.04737187632629679
2025-04-03,-2365.96,1748,-1.35,8670233.15,4960.09,1337.12,17,13,5070214.9,3600018.25,-5540.250408,3174.289132,-1.7453509848229587
2025-04-04,-25515.68,1272,-20.06,3835545.73,3015.37,836.06,14,18,1941548.5,1893997.23,9840.899949999999,-35356.5789,-0.27833293080097543
2025-04-05,35907.34,360,99.74,1267564.22,3521.01,282.06,10,12,343598.62,923965.6,41.479757,35865.857953,0.0011565248459365401
2025-04-06,47053.45,1048,44.9,3551252.06,3388.6,618.44,14,17,2317153.58,1234098.48,42521.423735000004,4532.0255369999995,9.382430439859537
2025-04-07,34527.37,2814,12.27,14460253.14,5138.68,2766.56,18,19,8217447.34,6242805.8,102081.393576,-67554.023271,-1.5111075572449242
2025-04-08,34899.39,943,37.01,8869391.4,9405.51,2274.98,17,19,4215454.14,4653937.26,5518.60768,29380.787118,0.18783048493580237
2025-04-09,43120.44,3967,10.87,28556806.47,7198.59,6111.27,20,29,12882132.54,15674673.93,-157021.417608,200141.862405,-0.7845505929474486
2025-04-10,158261.82,2127,74.41,28741953.29,13512.91,6868.56,19,30,15383754.44,13358198.85,50570.493858,107691.32840299999,0.46958742303901063
2025-04-11,126406.48,1096,115.33,11319327.07,10327.85,2174.44,16,15,5125398.37,6193928.7,1712.662813,124693.816268,0.01373494572965903
2025-04-12,410419.69,2109,194.6,55914617.49,26512.38,11517.6,20,22,27734296.93,28180320.56,314404.777319,96014.917214,3.274540906427147
2025-04-13,48696.02,1321,36.86,14171154.79,10727.6,2568.34,17,22,9238014.24,4933140.55,6268.494057,42427.527464,0.14774591601108356
2025-04-14,45680.44,890,51.33,13079972.98,14696.6,2023.16,14,17,7246590.91,5833382.07,31030.642601,14649.800462,2.118161306246377
2025-04-15,72357.71,1131,63.98,20752168.24,18348.51,1866.9,14,15,9068870.01,11683298.23,14143.927511,58213.778771,0.24296528359160066
2025-04-16,58631.73,1608,36.46,36502715.9,22700.69,5997.62,17,15,19989081.09,16513634.809999999,-7148.74608,65780.476337,-0.10867580123166717
2025-04-17,5427.92,1031,5.26,2604551.51,2526.24,519.21,12,14,1515498.78,1089052.73,3080.104557,2347.815329,1.3119018378715772
2025-04-18,4880.4,1894,2.58,24610650.46,12994.01,4667.33,12,21,11842630.05,12768020.41,-41340.794895,46221.199639,-0.8944119651473946
2025-04-19,71950.58,2786,25.83,32706462.71,11739.58,6480.63,15,13,12069996.06,20636466.65,9622.918475,62327.65902,0.15439242339455952
2025-04-20,25060.34,1982,12.64,12126094.05,6118.11,1887.33,12,31,10723702.22,1402391.83,38105.027696000005,-13044.68576,-2.92111525859518
2025-04-21,34369.27,1718,20.01,42104054.84,24507.6,6356.09,14,35,21381479.79,20722575.05,-28091.9804,62461.248307,-0.44975053671960014
2025-04-22,58652.76,2998,19.56,33753625.24,11258.71,5749.69,15,27,9641710.53,24111914.71,-15001.366785,73654.130363,-0.20367312067081011
2025-04-23,-419020.23,6159,-68.03,30682443.79,4981.72,7342.08,19,44,16861415.3,13821028.49,-487967.42052,68947.194789,-7.077407789191789
2025-04-24,50704.4,2232,22.72,35088918.64,15720.84,7366.5,15,32,18102013.38,16986905.26,12006.159753,38698.236212,0.31025081807284466
2025-04-25,20218.86,1653,12.23,27749455.78,16787.33,6299.09,16,35,13366865.85,14382589.93,10305.058466,9913.80074,1.0394658614587142
2025-04-26,-4125.75,1131,-3.65,11948127.77,10564.22,2652.31,12,27,11559923.81,388203.96,-125.76292299999979,-3999.991019,0.03144080920267911
2025-04-27,2702.07,337,8.02,487537.69,1446.7,55.93,9,16,298718.49,188819.2,-13.596130000000006,2715.663598,-0.005006557146273924
2025-04-28,36906.81,1379,26.76,26124921.49,18944.83,6007.25,8,14,6783522.98,19341398.509999998,-5080.009457,41986.823216,-0.12099056196453534
2025-04-29,125749.61,2243,56.06,34089511.66,15198.18,5149.3,7,17,16298169.15,17791342.51,6768.329043,118981.284384,0.056885660809226475
2025-04-30,14003.8,1113,12.58,12693878.85,11405.1,2950.18,8,15,12162460.23,531418.62,6466.670494,7537.126775,0.8579754366709008
2025-05-01,54536.83,1230,44.34,10720240.52,8715.64,2652.61,11,11,2667207.55,8053032.97,-10477.987239999999,65014.816537,-0.16116306462041466
